,NDFRT,CUI
0,"N0000147688
","
C0000946
"
1,"N0000147701
","
C0002598
"
2,"N0000145918
","
C0004057
"
3,"N0000146784
","
C0004147
"
4,"N0000146247
","
C0002144
"
5,"N0000146226
","
C0006949
"
6,"N0000147523
","
C0007299
"
7,"N0000147147
","
C0008783
"
8,"N0000146397
","
C0002575
"
9,"N0000147503
","
C0008809
"
10,"N0000146804
","
C0009002
"
11,"N0000147064
","
C0010592
"
12,"N0000147198
","
C0304520
"
13,"N0000146816
","
C0012772
"
14,"N0000145975
","
C0014806
"
15,"N0000146143
","
C0022154
"
16,"N0000147825
","
C0013030
"
17,"N0000147478
","
C0014479
"
18,"N0000146188
","
C0016860
"
19,"N0000147698
","
C0002499
"
20,"N0000146155
","
C0006376
"
21,"N0000146283
","
C0014963
"
22,"N0000145927
","
C0002680
"
23,"N0000147746
","
C0006976
"
24,"N0000147856
","
C3854019
"
25,"N0000147926
","
C0025893
"
26,"N0000147981
","
C0031955
"
27,"N0000148033
","
C0040193
"
28,"N0000145995
","
C0020261
"
29,"N0000145992
","
C0004975
"
30,"N0000146743
","
C0053245
"
31,"N0000146099
","
C0008273
"
32,"N0000146240
","
C0008294
"
33,"N0000145889
","
C0056831
"
34,"N0000146480
","
C0020273
"
35,"N0000147050
","
C0021186
"
36,"N0000147892
","
C0023870
"
37,"N0000147924
","
C0025859
"
38,"N0000145983
","
C0027302
"
39,"N0000147962
","
C0030557
"
40,"N0000147902
","
C0025376
"
41,"N0000147964
","
C0030812
"
42,"N0000146838
","
C0030883
"
43,"N0000147971
","
C0031392
"
44,"N0000145810
","
C0031412
"
45,"N0000145890
","
C0022209
"
46,"N0000147063
","
C0031937
"
47,"N0000146807
","
C0033148
"
48,"N0000148001
","
C0033497
"
49,"N0000146932
","
C0035608
"
50,"N0000148034
","
C0040233
"
51,"N0000146204
","
C0031469
"
52,"N0000147250
","
C0036516
"
53,"N0000147978
","
C0031495
"
54,"N0000146887
","
C0033798
"
55,"N0000147943
","
C0027780
"
56,"N0000147713
","
C0004234
"
57,"N0000147209
","
C0016972
"
58,"N0000147959
","
C0030310
"
59,"N0000146911
","
C0040341
"
60,"N0000145994
","
C0006938
"
61,"N0000147835
","
C0014025
"
62,"N0000146243
","
C0021246
"
63,"N0000147537
","
C0065374
"
64,"N0000147699
","
C0002502
"
65,"N0000146194
","
C0025872
"
66,"N0000146718
","
C0031463
"
67,"N0000147806
","
C0012091
"
68,"N0000148037
","
C0040377
"
69,"N0000146197
","
C0020740
"
70,"N0000146307
","
C0038792
"
71,"N0000147149
","
C0027396
"
72,"N0000146405
","
C0022635
"
73,"N0000146939
","
C0031990
"
74,"N0000147399
","
C0016377
"
75,"N0000146211
","
C0031507
"
76,"N0000145820
","
C0033511
"
77,"N0000147089
","
C0038742
"
78,"N0000146129
","
C0038745
"
79,"N0000146102
","
C0038689
"
80,"N0000146377
","
C0014563
"
81,"N0000147876
","
C0021641
"
82,"N0000147114
","
C0008402
"
83,"N0000147916
","
C0025677
"
84,"N0000146533
","
C0008168
"
85,"N0000146417
","
C0017628
"
86,"N0000146830
","
C0017642
"
87,"N0000145888
","
C0000992
"
88,"N0000146198
","
C0008287
"
89,"N0000146920
","
C0002371
"
90,"N0000147636
","
C0051519
"
91,"N0000147696
","
C0301464
"
92,"N0000146023
","
C0006681
"
93,"N0000146067
","
C0024476
"
94,"N0000146020
","
C0024477
"
95,"N0000147685
","
C0065512
"
96,"N0000146526
","
C0074722
"
97,"N0000146011
","
C0065517
"
98,"N0000146109
","
C0013090
"
99,"N0000147705
","
C0002658
"
100,"N0000148062
","
C0011812
"
101,"N0000147910
","
C0025611
"
102,"N0000146184
","
C0079691
"
103,"N0000146347
","
C0546882
"
104,"N0000147158
","
C0040123
"
105,"N0000145808
","
C0040134
"
106,"N0000147121
","
C0073983
"
107,"N0000147273
","
C0037549
"
108,"N0000147287
","
C0304347
"
109,"N0000146760
","
C0055573
"
110,"N0000146451
","
C0126789
"
111,"N0000146300
","
C0012228
"
112,"N0000147846
","
C0015837
"
113,"N0000147340
","
C0025041
"
114,"N0000147343
","
C0025152
"
115,"N0000147659
","
C0059865
"
116,"N0000147252
","
C0053792
"
117,"N0000147108
","
C0051919
"
118,"N0000147021
","
C0005640
"
119,"N0000147341
","
C0005640
"
120,"N0000145902
","
C0137984
"
121,"N0000145903
","
C0071751
"
122,"N0000145835
","
C0032825
"
123,"N0000145904
","
C0137996
"
124,"N0000146450
","
C0301527
"
125,"N0000146952
","
C0017245
"
126,"N0000148247
","
C0118168
"
127,"N0000148336
","
C0053091
"
128,"N0000147662
","
C0072973
"
129,"N0000148256
","
C0072857
"
130,"N0000147630
","
C0064326
"
131,"N0000148161
","
C0068334
"
132,"N0000146829
","
C0041165
"
133,"N0000145822
","
C0025644
"
134,"N0000148335
","
C0070122
"
135,"N0000148334
","
C0037707
"
136,"N0000147726
","
C0005320
"
137,"N0000147886
","
C0022860
"
138,"N0000148352
","
C0771182
"
139,"N0000148074
","
C0052796
"
140,"N0000148093
","
C0055856
"
141,"N0000147536
","
C0085170
"
142,"N0000147470
","
C0022625
"
143,"N0000148264
","
C0064113
"
144,"N0000147927
","
C0026056
"
145,"N0000148104
","
C0012133
"
146,"N0000148109
","
C0058135
"
147,"N0000148115
","
C0014310
"
148,"N0000148250
","
C0065162
"
149,"N0000148246
","
C0070895
"
150,"N0000147837
","
C0116569
"
151,"N0000148116
","
C0015772
"
152,"N0000147687
","
C0004259
"
153,"N0000148344
","
C0060135
"
154,"N0000146467
","
C0039771
"
155,"N0000148313
","
C0069739
"
156,"N0000148257
","
C0074393
"
157,"N0000148014
","
C0036579
"
158,"N0000148038
","
C0040778
"
159,"N0000146151
","
C0023570
"
160,"N0000148366
","
C0543473
"
161,"N0000147040
","
C0015046
"
162,"N0000147852
","
C0016365
"
163,"N0000147814
","
C0012373
"
164,"N0000147667
","
C0028902
"
165,"N0000146413
","
C0002333
"
166,"N0000146152
","
C0009011
"
167,"N0000146141
","
C0008188
"
168,"N0000147780
","
C0008174
"
169,"N0000147608
","
C0009079
"
170,"N0000148386
","
C0700473
"
171,"N0000146860
","
C0019134
"
172,"N0000146032
","
C0302583
"
173,"N0000146010
","
C0060276
"
174,"N0000146054
","
C0060277
"
175,"N0000146041
","
C0060282
"
176,"N0000147732
","
C0006230
"
177,"N0000147623
","
C0028365
"
178,"N0000148387
","
C0068485
"
179,"N0000147693
","
C0002026
"
180,"N0000145804
","
C0002026
"
181,"N0000147702
","
C0002600
"
182,"N0000147779
","
C0009010
"
183,"N0000147828
","
C0013085
"
184,"N0000146270
","
C0002644
"
185,"N0000147800
","
C0011685
"
186,"N0000148339
","
C0072916
"
187,"N0000147767
","
C0008269
"
188,"N0000147793
","
C0010620
"
189,"N0000147875
","
C0020934
"
190,"N0000147946
","
C0028420
"
191,"N0000148003
","
C0033743
"
192,"N0000146207
","
C0009014
"
193,"N0000147364
","
C0022180
"
194,"N0000146821
","
C0018549
"
195,"N0000148295
","
C0063252
"
196,"N0000147363
","
C0014277
"
197,"N0000147613
","
C0016277
"
198,"N0000148321
","
C0140575
"
199,"N0000146234
","
C0037982
"
200,"N0000148444
","
C0076891
"
201,"N0000146235
","
C0008296
"
202,"N0000147467
","
C0010980
"
203,"N0000148010
","
C0034414
"
204,"N0000147112
","
C0355634
"
205,"N0000147695
","
C0032143
"
206,"N0000146875
","
C0025942
"
207,"N0000145880
","
C0002640
"
208,"N0000148438
","
C0700483
"
209,"N0000148436
","
C0292818
"
210,"N0000147738
","
C0085208
"
211,"N0000148446
","
C0284906
"
212,"N0000146214
","
C0008286
"
213,"N0000146157
","
C0012010
"
214,"N0000147666
","
C0014892
"
215,"N0000147854
","
C0016375
"
216,"N0000147103
","
C0062092
"
217,"N0000147639
","
C0072828
"
218,"N0000146946
","
C0032910
"
219,"N0000148270
","
C0057558
"
220,"N0000146366
","
C0015011
"
221,"N0000146459
","
C0015117
"
222,"N0000146370
","
C0023566
"
223,"N0000146457
","
C0025506
"
224,"N0000146818
","
C0028356
"
225,"N0000146458
","
C0028360
"
226,"N0000147899
","
C0025147
"
227,"N0000148272
","
C0068992
"
228,"N0000146367
","
C0028368
"
229,"N0000145898
","
C0000970
"
230,"N0000146461
","
C0018546
"
231,"N0000146035
","
C0042874
"
232,"N0000147258
","
C0042878
"
233,"N0000148011
","
C0034417
"
234,"N0000147989
","
C0033216
"
235,"N0000148284
","
C0165603
"
236,"N0000147855
","
C0017066
"
237,"N0000148396
","
C0058445
"
238,"N0000147201
","
C0304712
"
239,"N0000146837
","
C0086248
"
240,"N0000146393
","
C0011816
"
241,"N0000147845
","
C0015827
"
242,"N0000148445
","
C0600560
"
243,"N0000147821
","
C0012702
"
244,"N0000147645
","
C0023556
"
245,"N0000147836
","
C0085251
"
246,"N0000147849
","
C0016280
"
247,"N0000146093
","
C0016366
"
248,"N0000148361
","
C0246203
"
249,"N0000146291
","
C0020268
"
250,"N0000147884
","
C0022487
"
251,"N0000146473
","
C0007257
"
252,"N0000146576
","
C0025382
"
253,"N0000147562
","
C0066282
"
254,"N0000147339
","
C0030078
"
255,"N0000146847
","
C0031444
"
256,"N0000146287
","
C0010137
"
257,"N0000146273
","
C0011777
"
258,"N0000146564
","
C0010961
"
259,"N0000147809
","
C0012201
"
260,"N0000147799
","
C0011276
"
261,"N0000146577
","
C0002413
"
262,"N0000147721
","
C0005096
"
263,"N0000147724
","
C0005116
"
264,"N0000146957
","
C0005308
"
265,"N0000147740
","
C0006464
"
266,"N0000146445
","
C0054234
"
267,"N0000147067
","
C0014758
"
268,"N0000145909
","
C0017887
"
269,"N0000146783
","
C0030858
"
270,"N0000146183
","
C0022252
"
271,"N0000148137
","
C0064079
"
272,"N0000148511
","
C0286186
"
273,"N0000148479
","
C0886530
"
274,"N0000147084
","
C0001367
"
275,"N0000148447
","
C0286079
"
276,"N0000148380
","
C0209227
"
277,"N0000148505
","
C0054836
"
278,"N0000148566
","
C0724549
"
279,"N0000148468
","
C0286650
"
280,"N0000147739
","
C0006462
"
281,"N0000146935
","
C0008275
"
282,"N0000145815
","
C0012203
"
283,"N0000145989
","
C0014912
"
284,"N0000146730
","
C0014939
"
285,"N0000146811
","
C0014942
"
286,"N0000147017
","
C0071108
"
287,"N0000148401
","
C0126174
"
288,"N0000148587
","
C0674428
"
289,"N0000147791
","
C0056732
"
290,"N0000148512
","
C0107211
"
291,"N0000148583
","
C0008845
"
292,"N0000147602
","
C0024027
"
293,"N0000148200
","
C0074554
"
294,"N0000148242
","
C0058716
"
295,"N0000147903
","
C0025380
"
296,"N0000148253
","
C0066621
"
297,"N0000147980
","
C0071102
"
298,"N0000148370
","
C0069632
"
299,"N0000148433
","
C0530105
"
300,"N0000145837
","
C0700566
"
301,"N0000146336
","
C0027603
"
302,"N0000148018
","
C0038425
"
303,"N0000146801
","
C0031935
"
304,"N0000022990
","
C0142278
"
305,"N0000148545
","
C0771993
"
306,"N0000148576
","
C0297635
"
307,"N0000146039
","
C0027996
"
308,"N0000147905
","
C0025497
"
309,"N0000148383
","
C0015689
"
310,"N0000022734
","
C0991855
"
311,"N0000148493
","
C0076829
"
312,"N0000146593
","
C0032911
"
313,"N0000148634
","
C0753645
"
314,"N0000148815
","
C1176383
"
315,"N0000147737
","
C0006405
"
316,"N0000148648
","
C0114771
"
317,"N0000148860
","
C0245561
"
318,"N0000148432
","
C0123053
"
319,"N0000148390
","
C0064636
"
320,"N0000148610
","
C0076275
"
321,"N0000147975
","
C0031441
"
322,"N0000147977
","
C0031448
"
323,"N0000148827
","
C1176315
"
324,"N0000023009
","
C1572487
"
325,"N0000148442
","
C0594375
"
326,"N0000148474
","
C0282386
"
327,"N0000148632
","
C0536495
"
328,"N0000148664
","
C0663241
"
329,"N0000148727
","
C0173083
"
330,"N0000147986
","
C0032912
"
331,"N0000148549
","
C0724693
"
332,"N0000148829
","
C1176316
"
333,"N0000147827
","
C0114873
"
334,"N0000148025
","
C0076107
"
335,"N0000148548
","
C0724517
"
336,"N0000146719
","
C0004609
"
337,"N0000147743
","
C0006491
"
338,"N0000148020
","
C0038627
"
339,"N0000148514
","
C0075632
"
340,"N0000148235
","
C0040207
"
341,"N0000022989
","
C0772326
"
342,"N0000146549
","
C0018242
"
343,"N0000148323
","
C0206599
"
344,"N0000148581
","
C0073372
"
345,"N0000147185
","
C0007716
"
346,"N0000148605
","
C0055729
"
347,"N0000147909
","
C0025605
"
348,"N0000148420
","
C0050393
"
349,"N0000147059
","
C0025381
"
350,"N0000147731
","
C0054040
"
351,"N0000145812
","
C0001962
"
352,"N0000148563
","
C0148859
"
353,"N0000146409
","
C0025815
"
354,"N0000146334
","
C0032950
"
355,"N0000146229
","
C0032952
"
356,"N0000148593
","
C0728747
"
357,"N0000148596
","
C0538927
"
358,"N0000148609
","
C0754188
"
359,"N0000148480
","
C0543492
"
360,"N0000147919
","
C0025760
"
361,"N0000147921
","
C0025842
"
362,"N0000146320
","
C0015620
"
363,"N0000147848
","
C0016229
"
364,"N0000148461
","
C0132326
"
365,"N0000148419
","
C0286738
"
366,"N0000148524
","
C0050559
"
367,"N0000145996
","
C0002679
"
368,"N0000147689
","
C0050458
"
369,"N0000147951
","
C0061851
"
370,"N0000148554
","
C0033228
"
371,"N0000148555
","
C0671970
"
372,"N0000148355
","
C0771200
"
373,"N0000147925
","
C0025887
"
374,"N0000147928
","
C0026187
"
375,"N0000148449
","
C0049506
"
376,"N0000147966
","
C0030863
"
377,"N0000148649
","
C0083381
"
378,"N0000148000
","
C0033493
"
379,"N0000148369
","
C0164662
"
380,"N0000145872
","
C0039601
"
381,"N0000146005
","
C0039644
"
382,"N0000148435
","
C0982234
"
383,"N0000148407
","
C0050940
"
384,"N0000147569
","
C0028978
"
385,"N0000148623
","
C0378482
"
386,"N0000148012
","
C0034665
"
387,"N0000147119
","
C0038633
"
388,"N0000148654
","
C0081876
"
389,"N0000146900
","
C0022251
"
390,"N0000146225
","
C0033209
"
391,"N0000147496
","
C0035525
"
392,"N0000148672
","
C0674432
"
393,"N0000146125
","
C0065884
"
394,"N0000146037
","
C0021968
"
395,"N0000146517
","
C0796396
"
396,"N0000145991
","
C0065885
"
397,"N0000148453
","
C0063757
"
398,"N0000147413
","
C0304999
"
399,"N0000145965
","
C0304987
"
400,"N0000146916
","
C0012341
"
401,"N0000147805
","
C0012004
"
402,"N0000147878
","
C0022038
"
403,"N0000146581
","
C0022005
"
404,"N0000146122
","
C0022026
"
405,"N0000148411
","
C0063817
"
406,"N0000148454
","
C0063828
"
407,"N0000147920
","
C0025810
"
408,"N0000147935
","
C0027324
"
409,"N0000148057
","
C0043031
"
410,"N0000147079
","
C0000618
"
411,"N0000147087
","
C0002555
"
412,"N0000147996
","
C0033429
"
413,"N0000148573
","
C0246689
"
414,"N0000148766
","
C0440280
"
415,"N0000147069
","
C0004482
"
416,"N0000147091
","
C0025876
"
417,"N0000148603
","
C0717550
"
418,"N0000148645
","
C0287041
"
419,"N0000148357
","
C0772342
"
420,"N0000148350
","
C0073393
"
421,"N0000147807
","
C0012093
"
422,"N0000148602
","
C0066677
"
423,"N0000148400
","
C2350089
"
424,"N0000148418
","
C0209738
"
425,"N0000147697
","
C0002403
"
426,"N0000148726
","
C0252643
"
427,"N0000148775
","
C1170746
"
428,"N0000148624
","
C0072980
"
429,"N0000148372
","
C0085149
"
430,"N0000148767
","
C0393080
"
431,"N0000148586
","
C0063041
"
432,"N0000148611
","
C0762662
"
433,"N0000147829
","
C0013089
"
434,"N0000146407
","
C0040879
"
435,"N0000146241
","
C0040374
"
436,"N0000146187
","
C0040372
"
437,"N0000148425
","
C0061323
"
438,"N0000148055
","
C0042670
"
439,"N0000148056
","
C0042679
"
440,"N0000148389
","
C0377401
"
441,"N0000147316
","
C0013136
"
442,"N0000148700
","
C0937846
"
443,"N0000148471
","
C0077768
"
444,"N0000147026
","
C0717537
"
445,"N0000148515
","
C0771774
"
446,"N0000148821
","
C0965129
"
447,"N0000148786
","
C0299792
"
448,"N0000148694
","
C0537894
"
449,"N0000147660
","
C0071304
"
450,"N0000148245
","
C0082607
"
451,"N0000148783
","
C1170741
"
452,"N0000147347
","
C0008806
"
453,"N0000148785
","
C1142985
"
454,"N0000146464
","
C0029995
"
455,"N0000023019
","
C0377336
"
456,"N0000148629
","
C0165921
"
457,"N0000148782
","
C0961485
"
458,"N0000146778
","
C0007248
"
459,"N0000147049
","
C0015846
"
460,"N0000145915
","
C0029112
"
461,"N0000147952
","
C0029309
"
462,"N0000147955
","
C0030049
"
463,"N0000147956
","
C0030073
"
464,"N0000147967
","
C0030873
"
465,"N0000148460
","
C0771827
"
466,"N0000148768
","
C0037537
"
467,"N0000148809
","
C1176306
"
468,"N0000148709
","
C0914729
"
469,"N0000148791
","
C0759933
"
470,"N0000148838
","
C0453273
"
471,"N0000147627
","
C0001443
"
472,"N0000146149
","
C0008290
"
473,"N0000148841
","
C1337242
"
474,"N0000147923
","
C0025853
"
475,"N0000145882
","
C0038675
"
476,"N0000148789
","
C1122087
"
477,"N0000148814
","
C0051150
"
478,"N0000146094
","
C0008161
"
479,"N0000147823
","
C1692318
"
480,"N0000022429
","
C0301499
"
481,"N0000022699
","
C0060279
"
482,"N0000146518
","
C0305003
"
483,"N0000148626
","
C0875947
"
484,"N0000146596
","
C0051510
"
485,"N0000146031
","
C0006675
"
486,"N0000148269
","
C0108938
"
487,"N0000147760
","
C0007562
"
488,"N0000145788
","
C0725584
"
489,"N0000146452
","
C0010583
"
490,"N0000148522
","
C0065818
"
491,"N0000148533
","
C0288171
"
492,"N0000148732
","
C1120952
"
493,"N0000146937
","
C0030092
"
494,"N0000148031
","
C0039943
"
495,"N0000146250
","
C0000981
"
496,"N0000148640
","
C0291772
"
497,"N0000148681
","
C0052416
"
498,"N0000145829
","
C0052416
"
499,"N0000148441
","
C0246415
"
500,"N0000148872
","
C1135135
"
501,"N0000023088
","
C1436328
"
502,"N0000147893
","
C0023992
"
503,"N0000147900
","
C0025153
"
504,"N0000146717
","
C0028066
"
505,"N0000146646
","
C0981841
"
506,"N0000023085
","
C0529351
"
507,"N0000147932
","
C0079856
"
508,"N0000148820
","
C0971579
"
509,"N0000023010
","
C0885298
"
510,"N0000148759
","
C1178580
"
511,"N0000148799
","
C0772283
"
512,"N0000148757
","
C0025219
"
513,"N0000148734
","
C0754647
"
514,"N0000171743
","
C0073633
"
515,"N0000023111
","
C0041165
"
516,"N0000147248
","
C0974124
"
517,"N0000148455
","
C0052585
"
518,"N0000147076
","
C0006463
"
519,"N0000148698
","
C0935989
"
520,"N0000147775
","
C0008947
"
521,"N0000148024
","
C0039286
"
522,"N0000146257
","
C0025631
"
523,"N0000146364
","
C0029997
"
524,"N0000148810
","
C1122962
"
525,"N0000148306
","
C0065180
"
526,"N0000145894
","
C0009214
"
527,"N0000148333
","
C0051696
"
528,"N0000146136
","
C0031862
"
529,"N0000146038
","
C0024467
"
530,"N0000147141
","
C0102840
"
531,"N0000147380
","
C0051522
"
532,"N0000176043
","
C1455147
"
533,"N0000023100
","
C0663733
"
534,"N0000146476
","
C0008838
"
535,"N0000175996
","
C1435444
"
536,"N0000023029
","
C1098320
"
537,"N0000148627
","
C0136123
"
538,"N0000146069
","
C0032821
"
539,"N0000146249
","
C0036078
"
540,"N0000148599
","
C0248719
"
541,"N0000146253
","
C0040869
"
542,"N0000148643
","
C0765273
"
543,"N0000146595
","
C0009074
"
544,"N0000147796
","
C0011015
"
545,"N0000148638
","
C0014582
"
546,"N0000147874
","
C0020789
"
547,"N0000023027
","
C1372987
"
548,"N0000148526
","
C0066535
"
549,"N0000023092
","
C0537551
"
550,"N0000148255
","
C0085542
"
551,"N0000171744
","
C1176020
"
552,"N0000148492
","
C0146011
"
553,"N0000148541
","
C0663182
"
554,"N0000145985
","
C0002645
"
555,"N0000148590
","
C0717758
"
556,"N0000148244
","
C0059985
"
557,"N0000148798
","
C1704263
"
558,"N0000171753
","
C0907349
"
559,"N0000148792
","
C0962603
"
560,"N0000148705
","
C0383429
"
561,"N0000148718
","
C0245109
"
562,"N0000148293
","
C0092801
"
563,"N0000148826
","
C1174995
"
564,"N0000148459
","
C0289884
"
565,"N0000148580
","
C0666743
"
566,"N0000022612
","
C0021747
"
567,"N0000147991
","
C0033223
"
568,"N0000148793
","
C0537439
"
569,"N0000176115
","
C1667052
"
570,"N0000148477
","
C0066005
"
571,"N0000176118
","
C1871526
"
572,"N0000148047
","
C0041056
"
573,"N0000148483
","
C0107994
"
574,"N0000147818
","
C0012525
"
575,"N0000145914
","
C0026549
"
576,"N0000176062
","
C0936148
"
577,"N0000171790
","
C0525678
"
578,"N0000147028
","
C0042291
"
579,"N0000148520
","
C0724680
"
580,"N0000146502
","
C0020264
"
581,"N0000147822
","
C0012963
"
582,"N0000147870
","
C0012306
"
583,"N0000147939
","
C0027360
"
584,"N0000148424
","
C0771309
"
585,"N0000171748
","
C0966107
"
586,"N0000148804
","
C0533545
"
587,"N0000176088
","
C1506770
"
588,"N0000176119
","
C1135132
"
589,"N0000176084
","
C1120110
"
590,"N0000148384
","
C0054201
"
591,"N0000176133
","
C1456409
"
592,"N0000176089
","
C1873633
"
593,"N0000147961
","
C0030454
"
594,"N0000176108
","
C1707080
"
595,"N0000145980
","
C0040864
"
596,"N0000176142
","
C1880288
"
597,"N0000177933
","
C1831905
"
598,"N0000145891
","
C0035179
"
599,"N0000171797
","
C0213404
"
600,"N0000179820
","
C2001271
"
601,"N0000177920
","
C0039623
"
602,"N0000176120
","
C0389169
"
603,"N0000146166
","
C0016360
"
604,"N0000146162
","
C0022265
"
605,"N0000178380
","
C0073631
"
606,"N0000147890
","
C0023586
"
607,"N0000146498
","
C0025854
"
608,"N0000023103
","
C1815818
"
609,"N0000148854
","
C0907410
"
610,"N0000177929
","
C2343853
"
611,"N0000148066
","
C0218986
"
612,"N0000148630
","
C0756085
"
613,"N0000148546
","
C0117339
"
614,"N0000148616
","
C0071097
"
615,"N0000147784
","
C0009279
"
616,"N0000148021
","
C0143993
"
617,"N0000022320
","
C1145759
"
618,"N0000178337
","
C2348248
"
619,"N0000146205
","
C0024002
"
620,"N0000178412
","
C0247194
"
621,"N0000148720
","
C1120106
"
622,"N0000146319
","
C0020933
"
623,"N0000147637
","
C0051511
"
624,"N0000022626
","
C0982010
"
625,"N0000022627
","
C0982011
"
626,"N0000148280
","
C0102850
"
627,"N0000147944
","
C0028005
"
628,"N0000148551
","
C0246330
"
629,"N0000147365
","
C0060246
"
630,"N0000147742
","
C0054259
"
631,"N0000148693
","
C0903898
"
632,"N0000148391
","
C0770893
"
633,"N0000023104
","
C0167117
"
634,"N0000171783
","
C1533126
"
635,"N0000147736
","
C0006400
"
636,"N0000146592
","
C0023660
"
637,"N0000146984
","
C0031453
"
638,"N0000176156
","
C1872109
"
639,"N0000178413
","
C2353893
"
640,"N0000178497
","
C2718773
"
641,"N0000176135
","
C2349941
"
642,"N0000178379
","
C0541315
"
643,"N0000179804
","
C0766326
"
644,"N0000176066
","
C0672708
"
645,"N0000180306
","
C1527027
"
646,"N0000148521
","
C0771840
"
647,"N0000146179
","
C0305065
"
648,"N0000147543
","
C0028094
"
649,"N0000148375
","
C0245531
"
650,"N0000179817
","
C2000088
"
651,"N0000148738
","
C2000088
"
652,"N0000180309
","
C1831796
"
653,"N0000148816
","
C0220578
"
654,"N0000147950
","
C0028833
"
655,"N0000148410
","
C0771294
"
656,"N0000148362
","
C0543476
"
657,"N0000177923
","
C2356037
"
658,"N0000148706
","
C0060657
"
659,"N0000148825
","
C0965390
"
660,"N0000147712
","
C0003596
"
661,"N0000171760
","
C0013015
"
662,"N0000148537
","
C0772184
"
663,"N0000146578
","
C0027353
"
664,"N0000176124
","
C1721377
"
665,"N0000176080
","
C0753678
"
666,"N0000146924
","
C0033215
"
667,"N0000147990
","
C0033218
"
668,"N0000180308
","
C1101838
"
669,"N0000177948
","
C0060179
"
670,"N0000146012
","
C0028027
"
671,"N0000147344
","
C0770307
"
672,"N0000146791
","
C0030899
"
673,"N0000148513
","
C0246421
"
674,"N0000148870
","
C1172734
"
675,"N0000181529
","
C2830183
"
676,"N0000146891
","
C0002615
"
677,"N0000145799
","
C0017861
"
678,"N0000146108
","
C0024730
"
679,"N0000146766
","
C0025696
"
680,"N0000147582
","
C0135166
"
681,"N0000146940
","
C0032613
"
682,"N0000146252
","
C0164608
"
683,"N0000148359
","
C0076840
"
684,"N0000146925
","
C0040899
"
685,"N0000147621
","
C4083129
"
686,"N0000146119
","
C0012551
"
687,"N0000181834
","
C1699926
"
688,"N0000023074
","
C0358297
"
689,"N0000147717
","
C0004886
"
690,"N0000148731
","
C0047683
"
691,"N0000176078
","
C0883242
"
692,"N0000146727
","
C0596004
"
693,"N0000146751
","
C0301370
"
694,"N0000147708
","
C0301369
"
695,"N0000147723
","
C0005098
"
696,"N0000147728
","
C0005578
"
697,"N0000147918
","
C0301374
"
698,"N0000147868
","
C0062922
"
699,"N0000147808
","
C0012125
"
700,"N0000147847
","
C0016225
"
701,"N0000146747
","
C0017970
"
702,"N0000147901
","
C0360172
"
703,"N0000147954
","
C0069805
"
704,"N0000181836
","
C2348066
"
705,"N0000147469
","
C0025023
"
706,"N0000146895
","
C0025746
"
707,"N0000148861
","
C0005642
"
708,"N0000022080
","
C0054094
"
709,"N0000147895
","
C0024778
"
710,"N0000182252
","
C2697950
"
711,"N0000148711
","
C0043822
"
712,"N0000148422
","
C0028116
"
713,"N0000147493
","
C0085173
"
714,"N0000180310
","
C1453642
"
715,"N0000182254
","
C2608038
"
716,"N0000182565
","
C1958569
"
717,"N0000182735
","
C2746078
"
718,"N0000182438
","
C1530072
"
719,"N0000182738
","
C1738934
"
720,"N0000182739
","
C1876229
"
721,"N0000147968
","
C0031007
"
722,"N0000147782
","
C0009170
"
723,"N0000182831
","
C1956796
"
724,"N0000182730
","
C0754011
"
725,"N0000147841
","
C0015042
"
726,"N0000147853
","
C0016368
"
727,"N0000147894
","
C0024056
"
728,"N0000147914
","
C0066101
"
729,"N0000147208
","
C0025678
"
730,"N0000182740
","
C1566826
"
731,"N0000147581
","
C0058134
"
732,"N0000147517
","
C0085154
"
733,"N0000022999
","
C0732569
"
734,"N0000148642
","
C0069751
"
735,"N0000178417
","
C0052429
"
736,"N0000147930
","
C0026388
"
737,"N0000146289
","
C0031184
"
738,"N0000147203
","
C0031954
"
739,"N0000146346
","
C0033229
"
740,"N0000147994
","
C0033399
"
741,"N0000147995
","
C0033405
"
742,"N0000147999
","
C0033473
"
743,"N0000148028
","
C0039865
"
744,"N0000182970
","
C1619962
"
745,"N0000020848
","
C1289957
"
746,"N0000182971
","
C1739768
"
747,"N0000148393
","
C0288672
"
748,"N0000147616
","
C0078956
"
749,"N0000148518
","
C0297268
"
750,"N0000148388
","
C0282471
"
751,"N0000148501
","
C0353453
"
752,"N0000148343
","
C0206460
"
753,"N0000148569
","
C0253563
"
754,"N0000148733
","
C1098510
"
755,"N0000179815
","
C1620287
"
756,"N0000148458
","
C0256103
"
757,"N0000147774
","
C0055877
"
758,"N0000147036
","
C0770460
"
759,"N0000183250
","
C3192263
"
760,"N0000148271
","
C0040613
"
761,"N0000022394
","
C0023031
"
762,"N0000176106
","
C1701455
"
763,"N0000183253
","
C2974289
"
764,"N0000182973
","
C1999375
"
765,"N0000146348
","
C0022233
"
766,"N0000147912
","
C0025624
"
767,"N0000147957
","
C0069833
"
768,"N0000147958
","
C0030082
"
769,"N0000183921
","
C0043832
"
770,"N0000147598
","
C0079083
"
771,"N0000147072
","
C0008163
"
772,"N0000148039
","
C0040805
"
773,"N0000176077
","
C0055891
"
774,"N0000184017
","
C2931926
"
775,"N0000177928
","
C1870115
"
776,"N0000023105
","
C1260298
"
777,"N0000147730
","
C0005740
"
778,"N0000184323
","
C1700874
"
779,"N0000022963
","
C0982214
"
780,"N0000146322
","
C0026782
"
781,"N0000146325
","
C0035923
"
782,"N0000022437
","
C0770698
"
783,"N0000022994
","
C0035870
"
784,"N0000171747
","
C1619966
"
785,"N0000148811
","
C1176309
"
786,"N0000176107
","
C1176329
"
787,"N0000148465
","
C0171023
"
788,"N0000022076
","
C0074710
"
789,"N0000179814
","
C1611934
"
790,"N0000148559
","
C0724710
"
791,"N0000148871
","
C1509436
"
792,"N0000178481
","
C1176308
"
793,"N0000147715
","
C0004499
"
794,"N0000147716
","
C0052865
"
795,"N0000147781
","
C0009077
"
796,"N0000146395
","
C0010523
"
797,"N0000022613
","
C0025643
"
798,"N0000147937
","
C0027348
"
799,"N0000148679
","
C0026088
"
800,"N0000146879
","
C0012145
"
801,"N0000148682
","
C0048470
"
802,"N0000171742
","
C1516119
"
803,"N0000148708
","
C0168273
"
804,"N0000147673
","
C0019453
"
805,"N0000146324
","
C0003993
"
806,"N0000148852
","
C0004475
"
807,"N0000185032
","
C0007072
"
808,"N0000146323
","
C0770689
"
809,"N0000185031
","
C1328025
"
810,"N0000148721
","
C0913246
"
811,"N0000148671
","
C0541155
"
812,"N0000185511
","
C3177235
"
813,"N0000185726
","
C3496793
"
814,"N0000185728
","
C1831731
"
815,"N0000171798
","
C0084528
"
816,"N0000178418
","
C0531104
"
817,"N0000182642
","
C0034392
"
818,"N0000148448
","
C0886549
"
819,"N0000185033
","
C3264621
"
820,"N0000022136
","
C0718050
"
821,"N0000148594
","
C0718050
"
822,"N0000185512
","
C2606637
"
823,"N0000023118
","
C1619629
"
824,"N0000186060
","
C2983812
"
825,"N0000147929
","
C0026259
"
826,"N0000147172
","
C0016855
"
827,"N0000146165
","
C0051241
"
828,"N0000147286
","
C0004743
"
829,"N0000147126
","
C0019469
"
830,"N0000147034
","
C0025629
"
831,"N0000146574
","
C0301407
"
832,"N0000186059
","
C2930696
"
833,"N0000148560
","
C0393022
"
834,"N0000180629
","
C1609165
"
835,"N0000147111
","
C0057831
"
836,"N0000147035
","
C0014987
"
837,"N0000147346
","
C0059714
"
838,"N0000147144
","
C0017845
"
839,"N0000146264
","
C0025386
"
840,"N0000176151
","
C0025627
"
841,"N0000146133
","
C0025840
"
842,"N0000146529
","
C0030438
"
843,"N0000146326
","
C0062525
"
844,"N0000148275
","
C0057002
"
845,"N0000147176
","
C0301503
"
846,"N0000022983
","
C0770687
"
847,"N0000147358
","
C0078049
"
848,"N0000148059
","
C0021027
"
849,"N0000146024
","
C0032831
"
850,"N0000186142
","
C2827241
"
851,"N0000148828
","
C0057144
"
852,"N0000176137
","
C0082274
"
853,"N0000180303
","
C1721300
"
854,"N0000186139
","
C3181682
"
855,"N0000186141
","
C2987417
"
856,"N0000186061
","
C3528000
"
857,"N0000186569
","
C2347624
"
858,"N0000186784
","
C1872203
"
859,"N0000147694
","
C0002327
"
860,"N0000147635
","
C0057626
"
861,"N0000147812
","
C0058056
"
862,"N0000037309
","
C0014994
"
863,"N0000147047
","
C0015131
"
864,"N0000177942
","
C2370726
"
865,"N0000147885
","
C0022614
"
866,"N0000147110
","
C0163055
"
867,"N0000147915
","
C0025668
"
868,"N0000147038
","
C0025688
"
869,"N0000145779
","
C0070108
"
870,"N0000147620
","
C0033487
"
871,"N0000148409
","
C0074414
"
872,"N0000147802
","
C0011710
"
873,"N0000186951
","
C2974540
"
874,"N0000186956
","
C1313616
"
875,"N0000187065
","
C1664205
"
876,"N0000148568
","
C0676831
"
877,"N0000176143
","
C0525079
"
878,"N0000182640
","
C1723401
"
879,"N0000148845
","
C0796392
"
880,"N0000183554
","
C3247294
"
881,"N0000148833
","
C0995188
"
882,"N0000023086
","
C0092777
"
883,"N0000146419
","
C0010711
"
884,"N0000146713
","
C0010927
"
885,"N0000146314
","
C0010934
"
886,"N0000175993
","
C0049065
"
887,"N0000022996
","
C1383469
"
888,"N0000022965
","
C0982118
"
889,"N0000176091
","
C1541483
"
890,"N0000146156
","
C0014922
"
891,"N0000146478
","
C0015133
"
892,"N0000186137
","
C2000261
"
893,"N0000186136
","
C1831808
"
894,"N0000187067
","
C2350948
"
895,"N0000147816
","
C0012522
"
896,"N0000187069
","
C3467876
"
897,"N0000146171
","
C0016343
"
898,"N0000022977
","
C0771488
"
899,"N0000023004
","
C1533699
"
900,"N0000146101
","
C0020402
"
901,"N0000148737
","
C0877880
"
902,"N0000147596
","
C0020823
"
903,"N0000179807
","
C2722820
"
904,"N0000147099
","
C0001927
"
905,"N0000176102
","
C0969589
"
906,"N0000148722
","
C1169997
"
907,"N0000182968
","
C1722260
"
908,"N0000147882
","
C0022245
"
909,"N0000148608
","
C0772501
"
910,"N0000147906
","
C0029193
"
911,"N0000147907
","
C0025575
"
912,"N0000148472
","
C0733394
"
913,"N0000147941
","
C0027373
"
914,"N0000147945
","
C0028351
"
915,"N0000147584
","
C0030071
"
916,"N0000147970
","
C0070549
"
917,"N0000147976
","
C0031447
"
918,"N0000147983
","
C0071129
"
919,"N0000148427
","
C0290883
"
920,"N0000185509
","
C2001856
"
921,"N0000184016
","
C1134659
"
922,"N0000171749
","
C1144149
"
923,"N0000146475
","
C0023972
"
924,"N0000146435
","
C0003442
"
925,"N0000147897
","
C0025033
"
926,"N0000147066
","
C0025241
"
927,"N0000022818
","
C0771055
"
928,"N0000146471
","
C0002475
"
929,"N0000188383
","
C3253985
"
930,"N0000148061
","
C0071778
"
931,"N0000180305
","
C1832027
"
932,"N0000148774
","
C0069717
"
933,"N0000148314
","
C0144576
"
934,"N0000148371
","
C0071568
"
935,"N0000148831
","
C0210657
"
936,"N0000148177
","
C0030896
"
937,"N0000146714
","
C0026234
"
938,"N0000147578
","
C0039629
"
939,"N0000147904
","
C0025384
"
940,"N0000146237
","
C0012582
"
941,"N0000188995
","
C2717561
"
942,"N0000145899
","
C0002711
"
943,"N0000188994
","
C3661282
"
944,"N0000148324
","
C0771029
"
945,"N0000148622
","
C0076080
"
946,"N0000148273
","
C0039512
"
947,"N0000148588
","
C0039736
"
948,"N0000147080
","
C0039902
"
949,"N0000188996
","
C2606556
"
950,"N0000189499
","
C2742503
"
951,"N0000189502
","
C3501358
"
952,"N0000148745
","
C0937640
"
953,"N0000189533
","
C2605855
"
954,"N0000189539
","
C2976303
"
955,"N0000176144
","
C2343589
"
956,"N0000148561
","
C0677942
"
957,"N0000146432
","
C0038432
"
958,"N0000148351
","
C0919292
"
959,"N0000189941
","
C2698280
"
960,"N0000146172
","
C0037533
"
961,"N0000145900
","
C0037532
"
962,"N0000147862
","
C0079466
"
963,"N0000146477
","
C0026256
"
964,"N0000022442
","
C0875949
"
965,"N0000189503
","
C3541367
"
966,"N0000146261
","
C0039871
"
967,"N0000023026
","
C0879399
"
968,"N0000148354
","
C0085176
"
969,"N0000146436
","
C0041920
"
970,"N0000180304
","
C1608841
"
971,"N0000148597
","
C0068314
"
972,"N0000182736
","
C1121849
"
973,"N0000148776
","
C0540694
"
974,"N0000147744
","
C0262964
"
975,"N0000145859
","
C0003968
"
976,"N0000148054
","
C0042523
"
977,"N0000148050
","
C0041345
"
978,"N0000148052
","
C0042313
"
979,"N0000148230
","
C0012132
"
980,"N0000146246
","
C0039468
"
981,"N0000147326
","
C0262960
"
982,"N0000146815
","
C0038687
"
983,"N0000146943
","
C0055578
"
984,"N0000145851
","
C0142825
"
985,"N0000146103
","
C0041041
"
986,"N0000147622
","
C0043474
"
987,"N0000145830
","
C0142785
"
988,"N0000147000
","
C0142874
"
989,"N0000146434
","
C0041175
"
990,"N0000147942
","
C0027679
"
991,"N0000148006
","
C0034261
"
992,"N0000148053
","
C0242531
"
993,"N0000146368
","
C0024977
"
994,"N0000147974
","
C0031411
"
995,"N0000146845
","
C0001655
"
996,"N0000146844
","
C0010192
"
997,"N0000147833
","
C0013615
"
998,"N0000147342
","
C0034410
"
999,"N0000147965
","
C0220892
"
1000,"N0000148550
","
C0528166
"
1001,"N0000148478
","
C0081408
"
1002,"N0000148406
","
C0209368
"
1003,"N0000146988
","
C0041249
"
1004,"N0000148466
","
C0245514
"
1005,"N0000148631
","
C0756081
"
1006,"N0000145821
","
C0025826
"
1007,"N0000146591
","
C0038149
"
1008,"N0000147940
","
C0027368
"
1009,"N0000146030
","
C0078794
"
1010,"N0000148434
","
C0354594
"
1011,"N0000148690
","
C0380393
"
1012,"N0000147887
","
C0023413
"
1013,"N0000148457
","
C0378466
"
1014,"N0000147949
","
C0069454
"
1015,"N0000147614
","
C0127615
"
1016,"N0000146470
","
C0065879
"
1017,"N0000148456
","
C0216784
"
1018,"N0000148035
","
C0085237
"
1019,"N0000148716
","
C0384228
"
1020,"N0000148451
","
C0139919
"
1021,"N0000146033
","
C0043481
"
1022,"N0000148755
","
C1122975
"
1023,"N0000147838
","
C0014964
"
1024,"N0000148498
","
C0149368
"
1025,"N0000148494
","
C0771735
"
1026,"N0000146279
","
C0012086
"
1027,"N0000148032
","
C0039955
"
1028,"N0000148042
","
C0040979
"
1029,"N0000022698
","
C1572718
"
1030,"N0000146890
","
C0026156
"
1031,"N0000148613
","
C0289313
"
1032,"N0000148043
","
C0040989
"
1033,"N0000148617
","
C0040989
"
1034,"N0000147213
","
C0521933
"
1035,"N0000148233
","
C0947608
"
1036,"N0000146967
","
C1705480
"
1037,"N0000148331
","
C0724725
"
1038,"N0000148771
","
C1137921
"
1039,"N0000148258
","
C0169964
"
1040,"N0000148675
","
C0052940
"
1041,"N0000147759
","
C0007561
"
1042,"N0000147183
","
C0025684
"
1043,"N0000148196
","
C0036581
"
1044,"N0000147938
","
C0027358
"
1045,"N0000148802
","
C0763533
"
1046,"N0000148556
","
C0060405
"
1047,"N0000148215
","
C0076705
"
1048,"N0000176069
","
C1565750
"
1049,"N0000176153
","
C1698215
"
1050,"N0000148713
","
C0257685
"
1051,"N0000148712
","
C0121772
"
1052,"N0000148403
","
C0795623
"
1053,"N0000146331
","
C0062527
"
1054,"N0000180558
","
C2746755
"
1055,"N0000175990
","
C1815829
"
1056,"N0000022959
","
C0982212
"
1057,"N0000022976
","
C0982215
"
1058,"N0000039890
","
C3714691
"
1059,"N0000148598
","
C0717360
"
1060,"N0000146113
","
C0065942
"
1061,"N0000146114
","
C0065944
"
1062,"N0000146115
","
C0982275
"
1063,"N0000146116
","
C0982276
"
1064,"N0000022466
","
C0032066
"
1065,"N0000023002
","
C0876236
"
1066,"N0000148276
","
C0718003
"
1067,"N0000146394
","
C0034496
"
1068,"N0000146384
","
C0305058
"
1069,"N0000146118
","
C0305062
"
1070,"N0000022789
","
C0770721
"
1071,"N0000146380
","
C0041469
"
1072,"N0000148398
","
C0078221
"
1073,"N0000146121
","
C0301508
"
1074,"N0000147997
","
C0033447
"
1075,"N0000146728
","
C0036442
"
1076,"N0000148044
","
C0041009
"
1077,"N0000148857
","
C0772089
"
1078,"N0000147131
","
C0036071
"
1079,"N0000146803
","
C0038878
"
1080,"N0000181720
","
C2723461
"
1081,"N0000148045
","
C0041031
"
1082,"N0000146793
","
C0038418
"
1083,"N0000148666
","
C0872913
"
1084,"N0000148680
","
C0354599
"
1085,"N0000147032
","
C0042071
"
1086,"N0000147992
","
C0033254
"
1087,"N0000146871
","
C0040845
"
1088,"N0000148127
","
C1802750
"
1089,"N0000148040
","
C0077081
"
1090,"N0000146908
","
C0041190
"
1091,"N0000148704
","
C0909381
"
1092,"N0000146177
","
C0031237
"
1093,"N0000022822
","
C0982332
"
1094,"N0000182258
","
C2960908
"
1095,"N0000020131
","
C0358314
"
1096,"N0000176071
","
C1453933
"
1097,"N0000147953
","
C0029983
"
1098,"N0000176131
","
C0068475
"
1099,"N0000148482
","
C0524684
"
1100,"N0000148564
","
C0795668
"
1101,"N0000147832
","
C0013547
"
1102,"N0000177954
","
C2721771
"
1103,"N0000146572
","
C0142915
"
1104,"N0000146756
","
C0041942
"
1105,"N0000148625
","
C0251504
"
1106,"N0000145883
","
C0038684
"
1107,"N0000145884
","
C0038686
"
1108,"N0000145881
","
C0038710
"
1109,"N0000148027
","
C0039855
"
1110,"N0000148030
","
C0039925
"
1111,"N0000148552
","
C0772394
"
1112,"N0000021988
","
C0010648
"
1113,"N0000148496
","
C0086140
"
1114,"N0000148026
","
C0039542
"
1115,"N0000147271
","
C0148485
"
1116,"N0000188266
","
C2935023
"
1117,"N0000188382
","
C0378366
"
1118,"N0000146153
","
C0016278
"
1119,"N0000146290
","
C0030817
"
1120,"N0000146163
","
C0034283
"
1121,"N0000147417
","
C0012384
"
1122,"N0000185727
","
C1718383
"
1123,"N0000147595
","
C0025405
"
1124,"N0000147020
","
C0041038
"
1125,"N0000187070
","
C3663037
"
1126,"N0000146120
","
C0305062
"
1127,"N0000148203
","
C0074748
"
1128,"N0000148241
","
C0057143
"
1129,"N0000147960
","
C0030350
"
1130,"N0000148036
","
C0040373
"
1131,"N0000190488
","
C1313052
"
1132,"N0000147661
","
C0061008
"
