{"chunk_definitions":[{"chunk_id":"csetup_chunk","chunk_label":"setup","document_id":"42D09D7E","expansion_state":0,"options":{"engine":"r","include":false,"label":"setup"},"row":9,"row_count":1,"visible":true},{"chunk_id":"cm3z281g10vmb","chunk_label":"unnamed-chunk-4","document_id":"42D09D7E","expansion_state":0,"options":{"engine":"r","label":"unnamed-chunk-30"},"row":83,"row_count":1,"visible":true},{"chunk_id":"c4k9esjxm2fsg","chunk_label":"unnamed-chunk-5","document_id":"42D09D7E","expansion_state":0,"options":{"engine":"r","label":"unnamed-chunk-32"},"row":88,"row_count":1,"visible":true}],"default_chunk_options":{"echo":true},"doc_write_time":1585061226,"working_dir":null}