{"chunk_definitions":[{"chunk_id":"csetup_chunk","chunk_label":"setup","document_id":"CADA1A7D","expansion_state":0,"options":{"engine":"r","include":false,"label":"setup"},"row":9,"row_count":1,"visible":true},{"chunk_id":"csvwid3b3iooz","chunk_label":"unnamed-chunk-1","document_id":"CADA1A7D","expansion_state":0,"options":{"engine":"r","label":"unnamed-chunk-2"},"row":15,"row_count":1,"visible":true},{"chunk_id":"cfsze6p6dqu89","chunk_label":"unnamed-chunk-2","document_id":"CADA1A7D","expansion_state":0,"options":{"engine":"r","label":"unnamed-chunk-3"},"row":21,"row_count":1,"visible":true},{"chunk_id":"cm89mcymw5zkq","chunk_label":"unnamed-chunk-3","document_id":"CADA1A7D","expansion_state":0,"options":{"engine":"r","label":"unnamed-chunk-4"},"row":27,"row_count":1,"visible":true},{"chunk_id":"cwt4ue6y4kxh2","chunk_label":"unnamed-chunk-4","document_id":"CADA1A7D","expansion_state":0,"options":{"engine":"r","label":"unnamed-chunk-9"},"row":33,"row_count":1,"visible":true},{"chunk_id":"cualvnf28t1rp","chunk_label":"unnamed-chunk-5","document_id":"CADA1A7D","expansion_state":0,"options":{"engine":"r","label":"unnamed-chunk-8"},"row":39,"row_count":1,"visible":true},{"chunk_id":"c3sonqbejfaho","chunk_label":"unnamed-chunk-6","document_id":"CADA1A7D","expansion_state":0,"options":{"engine":"r","label":"unnamed-chunk-10"},"row":45,"row_count":1,"visible":true},{"chunk_id":"cq775alif5bjh","chunk_label":"unnamed-chunk-7","document_id":"CADA1A7D","expansion_state":0,"options":{"engine":"r","label":"unnamed-chunk-11"},"row":53,"row_count":1,"visible":true},{"chunk_id":"c75ifjnbt79kz","chunk_label":"unnamed-chunk-8","document_id":"CADA1A7D","expansion_state":0,"options":{"engine":"r","label":"unnamed-chunk-12"},"row":59,"row_count":1,"visible":true},{"chunk_id":"csdqmfuojybz2","chunk_label":"unnamed-chunk-9","document_id":"CADA1A7D","expansion_state":0,"options":{"engine":"r","label":"unnamed-chunk-13"},"row":65,"row_count":1,"visible":true},{"chunk_id":"ccmf8v2zn3tsx","chunk_label":"unnamed-chunk-10","document_id":"CADA1A7D","expansion_state":0,"options":{"engine":"r","label":"unnamed-chunk-21"},"row":71,"row_count":1,"visible":true},{"chunk_id":"c0o96xrxgz1lt","chunk_label":"unnamed-chunk-11","document_id":"CADA1A7D","expansion_state":0,"options":{"engine":"r","label":"unnamed-chunk-15"},"row":77,"row_count":1,"visible":true},{"chunk_id":"c2eoinudegp4v","chunk_label":"unnamed-chunk-12","document_id":"CADA1A7D","expansion_state":0,"options":{"engine":"r","label":"unnamed-chunk-16"},"row":83,"row_count":1,"visible":true},{"chunk_id":"cpu5azvn8lewv","chunk_label":"unnamed-chunk-13","document_id":"CADA1A7D","expansion_state":0,"options":{"engine":"r","label":"unnamed-chunk-17"},"row":89,"row_count":1,"visible":true},{"chunk_id":"c76r1p4dev8y0","chunk_label":"unnamed-chunk-14","document_id":"CADA1A7D","expansion_state":0,"options":{"engine":"r","label":"unnamed-chunk-18"},"row":95,"row_count":1,"visible":true},{"chunk_id":"cp4v668xyxiqz","chunk_label":"unnamed-chunk-15","document_id":"CADA1A7D","expansion_state":0,"options":{"engine":"r","label":"unnamed-chunk-19"},"row":101,"row_count":1,"visible":true}],"default_chunk_options":{"echo":true},"doc_write_time":1591957101,"working_dir":null}