{"chunk_definitions":[{"chunk_id":"csetup_chunk","chunk_label":"setup","document_id":"658F89ED","expansion_state":0,"options":{"engine":"r","include":false,"label":"setup"},"row":9,"row_count":1,"visible":true},{"chunk_id":"ch9a8w87uuv8t","chunk_label":"unnamed-chunk-1","document_id":"658F89ED","expansion_state":0,"options":{"engine":"r","label":"unnamed-chunk-3"},"row":15,"row_count":1,"visible":true},{"chunk_id":"cvlcxm8gw6tea","chunk_label":"unnamed-chunk-2","document_id":"658F89ED","expansion_state":0,"options":{"engine":"r","label":"unnamed-chunk-4"},"row":21,"row_count":1,"visible":true},{"chunk_id":"c4gt8wzrdn9fl","chunk_label":"unnamed-chunk-3","document_id":"382F82BE","expansion_state":0,"options":{"engine":"r","label":"unnamed-chunk-5"},"row":27,"row_count":1,"visible":true},{"chunk_id":"c78fe139hsr7i","chunk_label":"unnamed-chunk-4","document_id":"382F82BE","expansion_state":0,"options":{"engine":"r","label":"unnamed-chunk-6"},"row":33,"row_count":1,"visible":true},{"chunk_id":"ct912tapt0cgv","chunk_label":"unnamed-chunk-5","document_id":"382F82BE","expansion_state":0,"options":{"engine":"r","label":"unnamed-chunk-7"},"row":39,"row_count":1,"visible":true},{"chunk_id":"cii0slenr793x","chunk_label":"unnamed-chunk-6","document_id":"382F82BE","expansion_state":0,"options":{"engine":"r","label":"unnamed-chunk-8"},"row":45,"row_count":1,"visible":true},{"chunk_id":"cozlj12gw9o69","chunk_label":"unnamed-chunk-7","document_id":"382F82BE","expansion_state":0,"options":{"engine":"r","label":"unnamed-chunk-9"},"row":52,"row_count":1,"visible":true},{"chunk_id":"cmrhb8z4vk1qk","chunk_label":"unnamed-chunk-8","document_id":"658F89ED","expansion_state":0,"options":{"engine":"r","label":"unnamed-chunk-10"},"row":58,"row_count":1,"visible":true},{"chunk_id":"ctyfaapa177u6","chunk_label":"unnamed-chunk-9","document_id":"382F82BE","expansion_state":0,"options":{"engine":"r","label":"unnamed-chunk-11"},"row":64,"row_count":1,"visible":true},{"chunk_id":"c16bw8mrlu8d2","chunk_label":"unnamed-chunk-10","document_id":"382F82BE","expansion_state":0,"options":{"engine":"r","label":"unnamed-chunk-12"},"row":70,"row_count":1,"visible":true},{"chunk_id":"ce762zp02cmqh","chunk_label":"unnamed-chunk-11","document_id":"658F89ED","expansion_state":0,"options":{"engine":"r","label":"unnamed-chunk-16"},"row":123,"row_count":1,"visible":true}],"chunk_rendered_width":450,"default_chunk_options":{"echo":true},"doc_write_time":1585405796,"working_dir":null}