{"chunk_definitions":[{"chunk_id":"csetup_chunk","chunk_label":"setup","document_id":"78A9A519","expansion_state":0,"options":{"engine":"r","include":false,"label":"setup"},"row":9,"row_count":1,"visible":true},{"chunk_id":"cpk1tbwbyelx2","chunk_label":"unnamed-chunk-11","document_id":"78A9A519","expansion_state":0,"options":{"engine":"r","label":"unnamed-chunk-1"},"row":78,"row_count":1,"visible":true},{"chunk_id":"c8082idgusayx","chunk_label":"unnamed-chunk-13","document_id":"78A9A519","expansion_state":0,"options":{"engine":"r","label":"unnamed-chunk-14"},"row":144,"row_count":1,"visible":true},{"chunk_id":"cmpmpzjboz9aw","chunk_label":"unnamed-chunk-14","document_id":"78A9A519","expansion_state":0,"options":{"engine":"r","label":"unnamed-chunk-28"},"row":166,"row_count":1,"visible":true},{"chunk_id":"cgrqhqxfq2f76","chunk_label":"unnamed-chunk-15","document_id":"78A9A519","expansion_state":0,"options":{"engine":"r","label":"unnamed-chunk-4"},"row":182,"row_count":1,"visible":true},{"chunk_id":"c9aoyai1r3ptj","chunk_label":"unnamed-chunk-16","document_id":"78A9A519","expansion_state":0,"options":{"engine":"r","label":"unnamed-chunk-30"},"row":195,"row_count":1,"visible":true}],"default_chunk_options":{"echo":true},"doc_write_time":1586865808,"working_dir":null}