{"chunk_definitions":[{"chunk_id":"csetup_chunk","chunk_label":"setup","document_id":"78A9A519","expansion_state":0,"options":{"engine":"r","include":false,"label":"setup"},"row":9,"row_count":1,"visible":true},{"chunk_id":"cna4ejir190p2","chunk_label":"unnamed-chunk-1","document_id":"78A9A519","expansion_state":0,"options":{"engine":"r","label":"unnamed-chunk-4"},"row":15,"row_count":1,"visible":true},{"chunk_id":"ck7zirdih0ocp","chunk_label":"unnamed-chunk-2","document_id":"78A9A519","expansion_state":0,"options":{"engine":"r","label":"unnamed-chunk-5"},"row":21,"row_count":1,"visible":true},{"chunk_id":"cobzg2vah1ckp","chunk_label":"unnamed-chunk-3","document_id":"78A9A519","expansion_state":0,"options":{"engine":"r","label":"unnamed-chunk-6"},"row":27,"row_count":1,"visible":true},{"chunk_id":"ck3twn6ngc3au","chunk_label":"unnamed-chunk-4","document_id":"78A9A519","expansion_state":0,"options":{"engine":"r","label":"unnamed-chunk-7"},"row":33,"row_count":1,"visible":true},{"chunk_id":"c68yt5bvqaru3","chunk_label":"unnamed-chunk-5","document_id":"78A9A519","expansion_state":0,"options":{"engine":"r","label":"unnamed-chunk-10"},"row":39,"row_count":1,"visible":true},{"chunk_id":"cayfhoqglzvtf","chunk_label":"unnamed-chunk-6","document_id":"78A9A519","expansion_state":0,"options":{"engine":"r","label":"unnamed-chunk-11"},"row":45,"row_count":1,"visible":true},{"chunk_id":"cvlrr8ton2rmp","chunk_label":"unnamed-chunk-7","document_id":"78A9A519","expansion_state":0,"options":{"engine":"r","label":"unnamed-chunk-12"},"row":53,"row_count":1,"visible":true},{"chunk_id":"cdb2mcnszd3mh","chunk_label":"unnamed-chunk-8","document_id":"78A9A519","expansion_state":0,"options":{"engine":"r","label":"unnamed-chunk-13"},"row":59,"row_count":1,"visible":true},{"chunk_id":"ci4my1ejwsvbo","chunk_label":"unnamed-chunk-9","document_id":"78A9A519","expansion_state":0,"options":{"engine":"r","label":"unnamed-chunk-14"},"row":65,"row_count":1,"visible":true},{"chunk_id":"c3sflb90ioitc","chunk_label":"unnamed-chunk-10","document_id":"78A9A519","expansion_state":0,"options":{"engine":"r","label":"unnamed-chunk-15"},"row":71,"row_count":1,"visible":true},{"chunk_id":"cpk1tbwbyelx2","chunk_label":"unnamed-chunk-11","document_id":"78A9A519","expansion_state":0,"options":{"engine":"r","label":"unnamed-chunk-1"},"row":77,"row_count":1,"visible":true},{"chunk_id":"ckxfihx6mad4q","chunk_label":"unnamed-chunk-11","document_id":"78A9A519","expansion_state":0,"options":{"engine":"r","label":"unnamed-chunk-16"},"row":78,"row_count":1,"visible":true},{"chunk_id":"cnxxrbtkm1bv4","chunk_label":"unnamed-chunk-12","document_id":"78A9A519","expansion_state":0,"options":{"engine":"r","label":"unnamed-chunk-22"},"row":129,"row_count":1,"visible":true},{"chunk_id":"cm36bhq6lk0tb","chunk_label":"unnamed-chunk-13","document_id":"78A9A519","expansion_state":0,"options":{"engine":"r","label":"unnamed-chunk-25"},"row":143,"row_count":1,"visible":true},{"chunk_id":"cmpmpzjboz9aw","chunk_label":"unnamed-chunk-14","document_id":"78A9A519","expansion_state":0,"options":{"engine":"r","label":"unnamed-chunk-27"},"row":166,"row_count":1,"visible":true},{"chunk_id":"c0g3cex6058lw","chunk_label":"unnamed-chunk-14","document_id":"78A9A519","expansion_state":0,"options":{"engine":"r","label":"unnamed-chunk-23"},"row":167,"row_count":1,"visible":true},{"chunk_id":"cdfk7gpctw7bb","chunk_label":"unnamed-chunk-15","document_id":"D48742CE","expansion_state":0,"options":{"engine":"r","label":"unnamed-chunk-40"},"row":204,"row_count":1,"visible":true},{"chunk_id":"cuw00kjln8mp4","chunk_label":"unnamed-chunk-16","document_id":"D48742CE","expansion_state":0,"options":{"engine":"r","label":"unnamed-chunk-47"},"row":218,"row_count":1,"visible":true}],"chunk_rendered_width":400,"default_chunk_options":{"echo":true},"doc_write_time":1586914415,"working_dir":null}